"PartyId","AddressType","AddressLine","StreetName","BuildingNumber","PostCode","TownName","CountrySubDivision","CountryId",
"29","Port","64196 Zita Glens Suite 940","Kade Stream","61181","03656-0093","New Lorna","64132716","3",
"70","Sout","56753 Auer Overpass Apt. 212","Elliott Passage","753","01386-7654","North Anita","83","3",
"86","Lake","6849 Swift Mission","Rogahn Brook","83215","88740-4831","Heathcotestad","","1",
"99","Nort","89643 Neil Gateway","Aaron Roads","0346","61022-2271","Ondrickaborough","5","1",
"146","New","48996 Kuhlman Ways","Branson Inlet","553","20837","Klingmouth","16759615","1",
"172","New","7219 Maurice Squares","Brice Manors","87150","48576-4565","New Kayden","62","3",
"177","Port","909 Raymond Loaf","Bartell Common","69842","09525","Lake Justen","806884","1",
"211","East","58584 McCullough Port","Reynold Avenue","02340","81438","Oswaldmouth","12574737","2",
"230","East","07364 Hilpert Mall Suite 796","Botsford Landing","6196","40265-7412","Khalilton","8986481","3",
"240","Lake","9492 Nikolas Pines Apt. 143","Beier Mountain","5940","81256","East Angeloside","85","3",
"368","East","5978 Tyree Trace","Breitenberg Overpass","94275","71781-6101","Aliciamouth","55","1",
"406","East","7058 Lempi Rapid","Abbott Haven","106","82988","West Cyrus","6","1",
"479","New","760 Adrienne Cove Suite 320","Grimes Vista","87407","03839-3429","South Leilastad","468","2",
"517","Port","918 Lila Grove Apt. 476","Lesch Grove","111","43575","Harrisonside","201099","1",
"520","East","38826 Keegan Cliff","Kunze Ridge","720","36641","West Lauriane","16648","2",
"536","East","92182 O'Reilly Pine","Wiza Corner","53430","51415-2625","Bernierfort","6451","2",
"594","New","0461 Treutel Place Apt. 327","Randal Rue","90303","30425-1991","Emeliabury","22848558","3",
"622","Port","4581 Bins Estates Apt. 402","Alayna Cape","3765","10567","Gradyhaven","930455","3",
"629","West","817 Ewald Fields Suite 811","Clemens Run","817","20224-3355","Lake Sarailand","719","2",
"645","Sout","5934 Amos Island","West Center","39741","42374-3269","Arielfort","","2",
"650","Port","044 Crist Station Apt. 493","Langosh Squares","314","15413-0862","Carterburgh","2744","3",
"676","Port","8564 Jaskolski Keys","Schulist Curve","498","02258-3081","Careybury","58203129","1",
"686","Nort","521 Gerlach Ferry Suite 872","Wilhelmine Circle","057","01917-2878","South Nikolas","96034","2",
"773","Port","1762 Kihn Walks","Spencer Shores","2617","86213-4586","Lake Juliet","11","3",
"866","West","619 Scarlett Stream Apt. 818","West Center","679","34174","Keeblerport","99449985","2",
"947","Port","6503 O'Reilly Trail","Lindsey Circles","93925","12854-1391","New Mike","820424343","2",
"1002","Port","45866 Yasmeen Land Apt. 551","Carmela Port","9010","45309","North Joelchester","1466570","2",
"1101","New","284 Ubaldo Parks Suite 684","Ortiz Trail","66226","70387","Margarettfurt","3749738","1",
"1111","Nort","082 Hershel Mission Apt. 830","Brekke Crossing","32541","01728-2538","West Eino","84673646","1",
"1168","Port","6123 Pfeffer Trail","Watsica Inlet","0201","17863","Cummeratastad","79690393","1",
"1181","Lake","1097 Halvorson Run","Bechtelar Branch","50278","93679","New Wiltonstad","65228731","2",
"1205","Nort","9474 Padberg Forks Apt. 642","Kristian Loaf","332","58899-7895","Emilfort","6752418","3",
"1256","Lake","870 Florencio Shoals","Lesley Cape","428","57390-4878","New Robert","63175549","2",
"1340","Nort","1961 Lambert Loaf Apt. 681","Wisoky Gardens","128","59737","West Marianchester","18816271","1",
"1354","West","74942 Eryn Plaza Suite 043","Conn Viaduct","82802","21136","Lake Roryside","5684477","1",
"1388","Port","784 Burdette Locks","Ernser Plaza","945","18648-7176","New Faustinomouth","9764","1",
"1433","West","907 Douglas Haven Suite 699","Kristin Springs","25426","16166-4146","Danielfurt","52283402","3",
"1442","Lake","956 Halvorson Isle Suite 586","Ward Lodge","5502","44469","Evertfurt","88212139","1",
"1560","Nort","263 Vladimir Roads Suite 211","Antwon Point","03837","63749-4080","Schneiderport","3342655","2",
"1561","Nort","011 Fisher Estate Apt. 171","Dylan Valleys","716","46441-6844","North Okeyhaven","77751984","3",
"1570","East","47352 Christine Square","Brekke Viaduct","41379","18582-6229","Ansleyburgh","660337293","2",
"1635","Port","102 Stark Stravenue Apt. 741","Fisher Valley","57564","23754-1503","East Marleyborough","10936","2",
"1658","Port","51825 Jerald Mill Suite 243","Davis Bypass","8240","85427","Murphychester","8","1",
"1659","New","89964 Javon Passage","Tremblay Shore","144","25978-4128","Boyerberg","","3",
"1670","Lake","81270 Schmeler Fields Suite 565","Miller Square","7169","34624","Shanahantown","8012","1",
"1706","Port","8906 Gottlieb Mall","Eichmann Walk","96511","42220-8194","Port Adan","63802","3",
"1721","Port","4359 Isac Orchard","Keely Port","977","46256","North Alexandriaberg","9015603","2",
"1744","Lake","347 Julien Meadow","Enrique Prairie","02080","13996-8931","Uptonfort","94527614","2",
"1774","West","3246 Veum Coves Suite 975","Orie Circle","465","89545-0393","Hoegerside","9","2",
"1819","Port","64642 Bergnaum Viaduct","Barrett Prairie","4374","34255","East Ronnyburgh","1258","3",
"1847","New","820 Hansen Spurs","Bogan Spurs","0699","19706-6072","Layneville","282407","1",
"1853","East","40678 Soledad Underpass","Alec Loop","63067","97294-7997","East Colt","31","2",
"1870","Port","39412 Frami Bridge Apt. 068","Gerhold Mews","40904","89547","Ellentown","5028947","2",
"1879","West","574 Spencer Station Apt. 555","Franco Walks","9734","53071","New Pink","175019","2",
"1892","Port","908 Monty Trail","Ressie Parkway","300","77369-0410","Aurelieton","225","2",
"1909","East","20414 Hahn Extension Apt. 499","Fannie Fords","8461","59218","Helenestad","844029622","3",
"1945","Nort","0941 Clifton Mission","Maia Pine","365","35880-9021","Port Tretown","260561","1",
"1987","Port","626 Blanda Tunnel","Lea Street","8575","10958","Lake Reinholdville","40983","2",
"1991","West","16501 Botsford Port Suite 058","Nitzsche Creek","3469","42129","Alekville","403019466","1",
"2007","Lake","76173 Bartell Mill Suite 539","Bogisich Light","7709","03999","Johnstonton","4393","1",
"2042","West","7415 Angelita Glens Apt. 075","Georgiana Crest","665","27313","South Florine","62326","1",
"2046","Port","864 Swaniawski Light","Cordie Stream","4625","55382","Gusikowskiberg","26521","2",
"2063","Sout","82268 Laurence Springs","Johns Inlet","5777","42400-1964","New Korbin","86","1",
"2083","Sout","1316 Brown Village Apt. 795","Viviane Knoll","788","21401-3879","Donnybury","","1",
"2121","Lake","096 Strosin Port Suite 520","Hettinger Run","35113","06235-6566","Ericmouth","2378499","2",
"2125","Lake","7556 Kaia Forest Apt. 598","Kira Camp","47370","54567","Lake Jesusshire","4191915","3",
"2175","Nort","38553 Johns Spring","Nikko Rapid","960","25337-7745","Port Edmouth","94","2",
"2214","Nort","65260 Hagenes Ferry Apt. 012","Kamille Skyway","97111","14851-9413","New Quincy","71699","3",
"2220","West","2256 King Mountain Suite 979","Eloise Greens","89850","10059-3581","New Felixside","259679510","3",
"2246","Sout","41517 Zulauf Streets","Jakayla Ranch","324","65934-2924","Lueilwitzstad","45324","1",
"2287","West","33767 Lulu Estates","Haley Viaduct","2760","29089-5291","Flatleyburgh","436677594","1",
"2351","East","44255 Alexandrea Run Suite 654","Waylon Turnpike","43430","97785-6489","West Malikaburgh","3","1",
"2365","Nort","1945 Lakin Ranch Apt. 599","Tavares Shoals","4192","86775-5940","West Claraside","5905056","1",
"2373","East","55461 White Ford","Emard Flat","6451","35629","New Genesis","21","2",
"2449","East","42503 Murphy Meadow","Rowe Street","7184","18969-5263","Russelburgh","36","2",
"2460","Lake","35951 May Springs Apt. 154","Mann Plain","155","26230","Bobbyhaven","","2",
"2511","New","9015 Gaylord Lake Apt. 536","Laverna Field","8855","50846","Ravenshire","55062","3",
"2513","Sout","8132 Karli Ways","Korbin Views","6210","07925","Newellshire","715392","3",
"2533","New","6486 Michele Mews Apt. 821","Fritsch Wells","01777","48370-5005","West Dedrick","32768386","3",
"2568","West","6482 Micah Shore Apt. 981","Lakin Valley","00962","82783","Port Burdettehaven","43","1",
"2577","Nort","147 Hane Squares Suite 491","Antwon Underpass","41796","01168-9757","Port Edd","","1",
"2623","East","453 Heidenreich Plaza","Graham Street","2761","29964","Willyton","7607295","2",
"2677","East","180 Rolfson Spurs Suite 389","Drake Harbor","332","15545-2426","Port Taylor","3955","2",
"2695","Lake","2314 Maia Garden Suite 593","Swift Mall","47995","13215","New Rosemary","807951","1",
"2752","Sout","6481 Terry Parkway Suite 551","Simonis Key","15174","02484","Lenoreview","26250","2",
"2767","Lake","34297 Rempel Court Apt. 056","Ondricka Cape","430","25824","Bahringerchester","6358","3",
"2775","West","05034 Roberts Motorway Apt. 063","Hermann Coves","0973","25949-8068","East Alvis","","1",
"2824","Lake","53182 Stokes Keys","Kamryn Ridges","563","55041-3892","Port Nettie","76326","2",
"2920","Sout","99318 Hyatt Trail Suite 002","Bauch Crest","27206","42097-5994","Fritschchester","1","1",
"2928","Lake","179 Chelsey Path Apt. 781","Rempel Coves","2976","27531-6553","Davistown","2347594","2",
"2953","Sout","96911 Leuschke Greens Suite 013","Margie River","032","70607","D'Amoreton","81385048","2",
"2968","Lake","8895 Rebekah Spring Suite 020","O'Hara Lane","34570","08974-7841","Milfordfurt","","3",
"2988","West","0462 Christophe Manor","Kuphal Trail","0851","79185-5854","Garlandland","836964740","3",
"2999","Port","05495 Steuber Pike Apt. 873","Telly Estates","396","31298","Lemkehaven","6","3",
"3007","New","12979 Maximus Cove","Ortiz Trafficway","706","80046","Haskellburgh","7993146","1",
"3025","Lake","07457 Runte Canyon Suite 545","Ricky Land","06721","14903-1880","North Lilla","9898","2",
"3138","Nort","57927 Vandervort Lane Apt. 395","Chance Valleys","65984","34078-6095","New Rodrickmouth","697","3",
"3149","Lake","132 Flatley Lodge Suite 960","Stiedemann Village","17986","61892-7945","West Bobbieside","35","3",
"3162","Lake","71963 Herzog Orchard","Keely Unions","08124","53660-6417","Port Lilianaborough","94485855","3",
"3172","East","73311 Pouros Plains Apt. 165","Durgan Drives","63158","74088-8095","West Kevonberg","217102","2",
"3185","East","56562 Luna Mews Apt. 159","Emmerich Village","6306","02255-5289","Hilllburgh","5257661","2",
"3223","Port","708 Wilfred Villages","Gideon Brooks","765","99505","Port Kennahaven","138479776","3",
"3238","Port","51148 Hammes Course Suite 950","Osvaldo Mount","80646","13281-2733","Gaylordside","84563","2",
"3270","New","7669 Marques Way","Konopelski Streets","503","78888-5065","Meredithberg","55","1",
"3275","Port","6564 Legros Glen Suite 632","Nikita Squares","8773","50076","New Ruthville","9","3",
"3302","East","20629 Haag Plaza","Mylene Cape","735","04534","Emoryfurt","704","1",
"3332","East","3153 Blake Flat Apt. 959","Kautzer Lock","62006","01662","East Danaburgh","73","2",
"3373","West","872 Akeem Lights Apt. 410","Cielo Stravenue","9850","20058","Elisaland","10118764","1",
"3382","East","82440 Goyette Lodge Apt. 884","Vincenza Mill","532","35986","Brownstad","","1",
"3401","Port","5409 Stroman Trafficway Apt. 397","Ruby Manor","82242","64088-6495","Anastacioshire","506","3",
"3419","New","520 Zboncak Walks","Asa Streets","5209","61090-3063","Orlochester","9182","2",
"3436","Sout","39578 Okuneva Harbors Apt. 926","Greenfelder Meadow","4452","96426","Lake Marionchester","89055","1",
"3475","West","13664 Jaquelin Throughway","Toni Ferry","1414","98979-5565","Hermannmouth","209","1",
"3525","East","0946 Gutkowski Crest","Ferne View","5970","12862-1564","Joycemouth","939735","2",
"3603","West","076 West Islands","Keanu Square","6703","05281-1309","Parisianhaven","8049183","3",
"3639","West","2967 Zboncak Pines","Bechtelar Valley","41170","23637","Mikelfort","46374","1",
"3670","Port","893 Terry Court","Kling Centers","5479","29762-3101","Kirlinland","","2",
"3836","West","501 Rowe Trace Suite 402","Amir Path","9181","74531","West Ilianaside","13","1",
"3903","Lake","124 Hilpert Park","Joaquin Manors","312","32359","North Tessieside","4660","1",
"3927","Lake","09841 Nikolaus Wall Apt. 110","Kamille Prairie","578","09207-0504","West Leliaport","2595477","3",
"3937","East","795 Emile Pines Suite 395","Ophelia Cliffs","6351","08119-0743","Larkinville","468522342","3",
"4026","New","81643 Jarred Mall","Francisca Port","9772","83344-5846","New Danykastad","968365","2",
"4030","Nort","352 Sim Heights","Abigail Prairie","09440","01223","East Nellie","3","3",
"4167","Nort","253 Dayton Wall","Keshaun Station","436","55494-6337","South Karlie","69913","2",
"4181","Nort","6247 Rodriguez Street Suite 129","Littel Islands","162","46468-8907","Westbury","","1",
"4202","New","192 Collier Radial","Idell Route","2498","51961-6300","New Wilhelmmouth","","1",
"4215","Sout","1423 Sierra Circles","Lea Station","15029","56990-0493","Vladimirberg","35","2",
"4230","Nort","8955 Kuhlman Lodge","Hilpert Loaf","9953","48982-9730","West Percival","42321","1",
"4273","New","493 Goyette Run","Dallas Valley","12757","63977","West Quintenland","529131","1",
"4286","Lake","7830 Carroll Dale","Fay Dale","26383","37970","Noeltown","883","2",
"4315","Nort","264 Pfannerstill Overpass Apt. 966","Eliezer Oval","6278","12651-9259","Penelopetown","87213","2",
"4334","East","4526 Considine Courts","Marcos Expressway","5591","33018","Stiedemanntown","","2",
"4338","Lake","424 Fletcher Parkway Apt. 129","Blanda Rapid","81307","99250","South Shayleemouth","","2",
"4348","Nort","916 Stehr Forge","Marjory Coves","17984","19151-8138","East Elsafurt","539928","1",
"4373","Nort","694 Melody Light","Kemmer Path","51675","22862","New Tatyana","","2",
"4448","Nort","9171 Rutherford Branch","Rachael Vista","770","17217-6180","West Araceli","6626","3",
"4477","Port","6100 Sally Alley","Gleason Streets","1750","83790","South Constance","7716","2",
"4481","East","2311 Thompson Loaf","Dietrich Underpass","05396","98850-7928","Archshire","6371361","2",
"4504","New","0151 Hane Drive Apt. 625","Fahey Courts","218","22939-1293","D'Amorestad","65391","1",
"4513","West","32474 Hahn Mission Suite 380","Tod Highway","7726","87322-4915","Franciscashire","131304","2",
"4522","New","16877 Jacobi Light Suite 301","Sally Forge","005","33550-7033","Rosaliaborough","531020260","2",
"4543","New","06796 Daugherty Wall Apt. 304","Rosina Park","1911","27771-4134","South Carmel","5754","1",
"4570","Sout","76160 Fahey Ville","Dee Harbor","801","07832","Vidamouth","7","2",
"4655","East","4500 Schmeler Circles","Skiles Parkway","23040","03876","New Antone","1221","2",
"4662","Sout","49835 Sally Stravenue","Lang Point","49272","47184-0189","North Bernadette","46716683","1",
"4672","Nort","11487 Hahn Manors","Kilback Lake","3595","62564","Port Carroll","27","1",
"4702","East","382 Catalina Ports","Rene Run","93733","74291-0379","Fisherfort","4","1",
"4737","Lake","6218 Mills Forest Apt. 268","Frederique Run","8257","56470","Luisafurt","66574859","1",
"4809","Nort","4463 Deckow Lakes Suite 089","Fay Island","9615","08116","Emelyland","8674","3",
"4816","Nort","51417 Dickens Grove","Braxton Row","238","31805-7870","West Geovanyfort","77384","3",
"4846","New","313 Mohammad Motorway","Albertha Parkways","22367","90603-0146","Mohammadstad","58306","3",
"4863","West","473 Buster Parkway","Marietta Parkway","189","32390-9936","Schultzland","743","2",
"4893","Lake","73942 Kaleb Rest Suite 628","Dickens Valleys","8149","78342","Mayertton","7","3",
"4895","West","1995 Elenor Islands","Liliane Burg","96162","58913-5788","Port Mckaylaville","31362267","1",
"4973","East","3185 Dickens Extensions Suite 190","Dickinson Spurs","969","54643","South Kanestad","983","2",
"5040","Port","460 Gerson Gateway","Raina Forge","58535","57488-7272","Lake Dovieport","3453109","2",
"5063","Port","9095 Francis Rest Suite 684","Maxie Views","5194","32952-1501","New Hertaside","74114","1",
"5206","Lake","8772 Muller Parkway","Sherwood Island","990","74362-0189","Alexanderton","1","2",
"5240","West","082 Kessler Mission Apt. 302","Brayan Islands","8537","28612","Vidalfort","887059","2",
"5248","Lake","61342 Turner Knolls","Fidel Forge","111","95531","Feilland","152332006","2",
"5290","Port","3178 Gonzalo Viaduct","Christa Bridge","0253","17588","Maxhaven","","2",
"5298","Lake","786 Naomi Pass","Kling Rapids","18878","20038","Shieldschester","4","2",
"5303","Port","331 Edmund Dale","Merl Valley","47890","15699","Spinkaburgh","","1",
"5307","Lake","07927 Jayne Rapids Apt. 230","McLaughlin Parks","203","50404-3530","Watsicaville","232380","3",
"5357","New","7425 Anderson Ports Suite 170","Kozey Brook","5317","78742","Berneiceview","12517","1",
"5369","Sout","30041 Elmore Burg Apt. 450","Jermaine Overpass","21468","50760","Haleyland","","3",
"5424","West","7780 Ressie Points","Kelsi Knolls","544","30317-8812","West Felicitychester","306","3",
"5434","East","98291 Shawna Divide","Presley Trace","1524","92230","Lake Orrinport","8","1",
"5451","Nort","06108 Rice Mountain Suite 354","Lakin Pike","4188","04640","New Krystel","7639","3",
"5480","Lake","48871 Rutherford Forks Suite 142","Ceasar Passage","0667","70032-2164","West Geovanniville","1105311","2",
"5518","West","12202 Kuvalis Forks Apt. 234","Cody Tunnel","4747","14379-1213","Diamondfurt","","1",
"5526","New","31675 Renner Street","Winfield Island","3830","50136-1403","West Joyview","84800746","3",
"5544","Nort","90834 Florencio Pines Apt. 913","Stacy Rapid","96933","56929","New Minniefort","9135","1",
"5545","Lake","4771 Strosin Avenue Apt. 645","Alaina Islands","435","54236","West Verliehaven","917","3",
"5666","New","79871 Alta Springs","Runolfsson Port","94470","93766-1454","Reannachester","","3",
"5680","Nort","7547 Elbert Trail","Mills Burgs","23405","35692-8896","West Jarvis","1503","1",
"5690","Sout","117 Schowalter Villages Suite 527","Katherine Ford","12590","76013","Corkeryside","9046","1",
"5695","Sout","742 Bode Forges Apt. 529","Feil Plaza","04327","20557-3439","Hilpertburgh","4","1",
"5701","New","0591 Ian Lights Apt. 058","Considine Spring","62870","43374-7925","West Nelliemouth","944920005","3",
"5759","Lake","5356 Rey Mountain","Dahlia Roads","0748","54971","East Priscilla","6","2",
"5762","West","4837 Walter Haven Apt. 430","Urban Squares","52613","03592-5374","South Shanon","5","2",
"5859","Lake","95149 Clarabelle Falls Apt. 244","Jermey Flat","4832","97536-0709","South America","9","3",
"5863","West","5232 Mante Stream Apt. 857","Alexandro Green","693","29147","Hellertown","6792394","3",
"5910","East","41038 Reichel Road","Lola Crest","012","10298","South Brainchester","","3",
"5929","East","098 Carroll Ferry Apt. 190","Sipes Islands","24029","83467-1361","Mariettaberg","82","2",
"5979","Lake","1244 Kohler Overpass Suite 057","Schoen Hills","4208","30762-4234","Murphyshire","837219","2",
"6023","Lake","514 Quitzon Center","Wolf Islands","024","33216-6761","North Hymanside","124","1",
"6076","Sout","40070 Ryan Mountain Suite 776","Ernser Springs","66815","01379","Marvinmouth","3","2",
"6077","East","060 Weldon Estate","Zulauf Lights","921","56044-6151","Feeneyhaven","9","3",
"6100","East","8871 Krajcik Field Apt. 440","Baumbach Landing","300","36776","West Diannachester","38","2",
"6152","Sout","83420 Rico Fields","Maryjane Vista","71577","12918","East Gailbury","3260878","3",
"6180","Port","929 Vernon Gardens Suite 570","Hauck Parkway","222","47465","East Marlene","327889","2",
"6215","Nort","60371 Gorczany Keys","Corwin Wall","604","13494-0031","New Eduardostad","46098","1",
"6219","West","69416 Dooley Shoals Apt. 139","Berta Island","6909","75275-9578","Charlottemouth","21","2",
"6255","Nort","7504 Goldner Ridge","Walsh Street","36257","77295-4427","Isabellemouth","24379","2",
"6290","Nort","767 Dickens Falls","Chester Wall","3101","49240-6114","Schillerfurt","690809","1",
"6312","West","827 Mathew Corners","Johnston Common","8834","23069-2390","East Orval","1","1",
"6328","Nort","4060 Pfeffer Isle","Elwyn Plaza","6948","58227-1783","Gracemouth","619494","3",
"6383","West","3229 Haley Mountains Suite 241","Missouri Dale","543","45955-0753","Thompsonshire","32787241","3",
"6388","Port","619 Streich Centers Apt. 650","Opal Rapid","37924","32463-9502","New Houston","5","1",
"6406","New","1681 Caleigh Meadow","Hessel Village","555","79566-4070","New Kimberly","36659","1",
"6437","Lake","74873 Bosco Junctions Suite 925","Armstrong Islands","1816","27442-6580","Lake Delphahaven","2544901","2",
"6471","Nort","650 Mayer Summit Apt. 720","Vida Highway","253","89632-2892","New Tatum","32","1",
"6525","West","7510 Sydnee Views","Bernhard Hollow","422","10280-1555","New Hilbert","","2",
"6539","Sout","1817 Koepp Courts Suite 560","Quigley Spur","43186","34682","North Astridmouth","","3",
"6561","Port","222 Boris Burg","Brown Ranch","6077","85070","South Carolyn","3724","2",
"6562","East","2275 Tromp Cliff Suite 611","Harvey Ville","2844","22384","Orphamouth","40614","1",
"6567","East","493 Enola Mill","Lang Drive","51485","69894-1317","Stehrville","19352","2",
"6579","Nort","66865 Skiles Way","Kristofer Road","45027","86375-6234","Ernamouth","94","2",
"6584","New","9433 Trace Ranch Apt. 202","Monahan Street","02524","58187-2720","Gislasonton","255292762","2",
"6597","Port","789 Ricky Gardens","Avery Springs","82698","14850","Lake Lyda","96078965","1",
"6600","Port","82156 Stokes Mountains","Amara Lock","02761","35777-9673","Port Pasqualeside","8143807","3",
"6629","New","00972 Harmon Ranch","Grimes Shores","433","07534-8120","Ronnymouth","9787","2",
"6657","Nort","60642 Bogan Ways","Weber Crossing","172","28947-9114","Port Lindsay","","1",
"6659","Nort","65757 Lindgren Spring","Feeney Brooks","61255","07297-0617","East Freeda","6","2",
"6760","Lake","614 Ferry Mill Suite 854","Addie Burg","07656","44363","Estefaniabury","290109923","1",
"6770","New","65309 Hodkiewicz Island Apt. 949","Corkery Roads","104","05393-3110","Predovicburgh","4966","2",
"6796","Lake","5737 Miller Lights","Kuvalis Burgs","721","02128","Ankundingview","210142","2",
"6822","Nort","7867 Carter Via","Hansen Circle","768","90707-9955","Hahnberg","42405","1",
"6847","Port","979 Katherine Shoals Apt. 528","Maribel Underpass","92493","23376","Grantville","594297953","2",
"6865","East","63563 Kunze Lakes Apt. 977","Irwin Stravenue","812","95227","West Jasen","","1",
"6894","Lake","60223 Ruben Burgs Apt. 728","Schamberger Ford","67865","58126-3026","South Neil","39642","2",
"6971","East","284 Mraz Ways","Christina Bypass","91852","88717","South Nickside","","2",
"7010","New","070 Marianna Plaza Apt. 529","Hannah Ranch","1825","59644","Lake Jackyside","6296812","3",
"7095","Sout","7950 Grant Cliffs Apt. 380","Kunze Groves","2323","70050-6075","West Rocio","5470","3",
"7117","New","04013 Alfreda Ramp Apt. 215","Devan Loop","871","04024-2303","North Octavia","13949409","2",
"7161","New","570 Wilderman Course Suite 407","King Drives","006","75283","Amaniborough","56594","2",
"7195","East","93572 Shaylee Pass","Russel Harbor","48032","52876","South Stephen","80833370","2",
"7236","Port","984 Emmie Circles","Jaunita Islands","6177","24942","West Kianaville","990","1",
"7275","Lake","699 Tad Land Suite 673","Kovacek River","0113","44125","Hilbertfurt","3035","3",
"7289","Lake","352 Goodwin Throughway Suite 033","Ruby Dale","183","63246-9827","Francescotown","27145553","1",
"7298","West","2724 Charity Station","Antone Cliff","784","26429","West Marieport","36623111","1",
"7414","New","680 Edison Greens","Ceasar Mews","503","41521","Kuhnburgh","215565","3",
"7426","Nort","87144 Harber Ports Suite 820","Quitzon Pike","84108","59724-6593","Ardenhaven","192737225","3",
"7440","West","560 Mante Crescent","Jeremie Dale","7511","53784-8611","Audreyshire","896","2",
"7448","Port","3149 Jamal Parkways","Eldora Highway","5881","32904-2807","Mikeburgh","309722","2",
"7469","Lake","507 Howe Knoll","Gregorio Unions","1928","36318-0327","Omerfurt","10","1",
"7477","Port","378 Sharon Centers","Champlin Shores","252","29327","Kutchchester","967085090","2",
"7490","Lake","3012 Ora Walks Apt. 203","Mitchell Isle","564","19491-9548","East Coyborough","4","2",
"7504","Lake","8583 Shields Plains Apt. 103","Stiedemann Island","5609","12493-3541","Candelariotown","6436","2",
"7505","Sout","412 Sallie Glens Suite 213","Brakus Avenue","7793","86977","Lake Carolynbury","160194","3",
"7533","West","88932 Harber Views","Orn Vista","41830","74993-9349","New Sydnie","5112","1",
"7547","Nort","40788 Elza Flat","Jeramie Mission","3819","23212","Ledaside","80097376","1",
"7589","Lake","4418 Rowe Square","Monahan Common","07622","29791-4646","Paucekfurt","791835","3",
"7597","West","957 Jaskolski Haven Apt. 770","O'Kon Passage","00365","27726","West Stephaniehaven","6215468","2",
"7618","New","685 Gus Highway Apt. 180","Ima Lodge","07573","58202-0141","Beatriceville","","2",
"7654","Port","59657 Aric Stravenue","Brisa Vista","05706","31994-2318","Ortizfurt","3627789","3",
"7678","East","727 Cole Trafficway","Russel Flats","802","48895","Lake Vincenzaton","84646","1",
"7707","Port","638 Waino Ports","Susan Prairie","586","79271","Bartonside","42998","3",
"7754","Lake","2613 Dora Meadows","Leatha Branch","65723","68479-9500","North Bart","66722","1",
"7773","West","7118 Lindgren Inlet Apt. 927","Clinton Mountains","045","43694-3256","Kearafurt","1","3",
"7805","New","03400 Joanne Pines","Heller Knolls","86701","69946-8526","Port Lydamouth","9551913","1",
"7813","New","604 Devin Springs Apt. 231","Conn Square","77473","59556","Kshlerinport","52119","3",
"7871","New","39846 Harvey Drive","Ron Lock","2352","61671-4696","South Shyannebury","41","1",
"7893","West","1263 Golden Crescent Apt. 486","Dameon Ranch","74612","37365-1417","New Sibylhaven","331","3",
"7929","New","2882 Sylvia Hill","Jaleel Mountains","096","04929","Port Candidoton","743","1",
"7996","West","8512 Boris Springs Suite 017","Kunde Junctions","45554","41912-8311","Kemmerside","","2",
"8115","Port","2899 Bernier Club Suite 396","Blanda Expressway","1420","27874","Janiehaven","72","2",
"8117","New","97783 Von Rapid Suite 811","Flatley Gateway","426","52911-2666","South Anna","5","1",
"8144","West","3218 Berta Fall","Leanne Mountains","4692","28630","Harrisborough","85","2",
"8238","Lake","0841 George Port","Hoeger Park","690","26003-4017","North Emory","91284","2",
"8240","East","7968 Albert Stream Suite 169","Pagac Parkways","01565","59126-4936","New Tina","723","3",
"8252","West","02606 Lebsack Village Suite 385","Rosalyn Lane","497","81808-2467","Savannahburgh","3062590","2",
"8255","Sout","7894 Camille Forks Apt. 041","Tressa Shore","25194","08045","South Theo","44","1",
"8281","West","51238 Flo Cliffs","Bogan Cove","76051","98892","West Barbaraville","","3",
"8294","East","293 Sarina Haven","Schamberger View","4539","05443-0557","New Laurenceton","53676","1",
"8329","Sout","1346 Kyleigh Glen","Orn Courts","378","68212","New Ursula","22353373","3",
"8336","New","23057 Beahan Cliffs Apt. 285","Goyette Spring","9823","36934-7051","Leomouth","2","1",
"8345","Port","681 Koss Burg","Douglas Fords","6001","63253","Kubshire","9","2",
"8356","Port","133 Amira Causeway Apt. 523","Bobby Gardens","84536","36543","Johathanbury","68","2",
"8436","New","34692 Stephon Avenue","Sauer Extension","412","57966","Lubowitztown","14773","1",
"8464","Lake","34341 Zieme Pine Suite 172","Dickens Ville","25127","68864-6404","New Emelietown","87407","2",
"8467","Sout","417 Wintheiser Trafficway Suite 751","Ryan Grove","824","75893","East Jessefurt","518","2",
"8589","Sout","73885 Lockman Key","Elvie Manor","650","71575-9456","North Petrashire","","2",
"8628","Port","077 Stiedemann Land Suite 120","Jaquan Vista","6185","03465-0381","New Taureanbury","28","3",
"8647","Lake","703 Eichmann Knoll","Ernest Estates","0156","61627","South Myrahaven","6","1",
"8676","East","916 Clark Divide","Lesch Forge","0025","22236","North Stefanside","6867835","3",
"8685","East","811 White Brook","Santina Parks","451","84730","Jeramyview","75012053","2",
"8693","Lake","89781 Mitchell Tunnel Apt. 401","Miller Island","553","35058-8463","Lake Kenyatown","8604669","2",
"8738","West","1773 Bradtke Stream","Kitty Villages","93020","45902-6703","East Emilio","","3",
"8741","Sout","4985 Marks Squares","Davis Well","384","41121","Shirleyside","","3",
"8751","East","860 Kuhic Cliff Apt. 661","Lindgren Rest","36901","46451","Lake Bettyechester","252470406","2",
"8790","Lake","31028 O'Kon Bypass Apt. 191","Durgan Trail","48310","80543","Christport","6565145","3",
"8866","West","8608 Mac Branch","Lucio Tunnel","574","37532-9772","Lake Consuelo","48596166","1",
"8882","West","898 Abraham Oval Apt. 280","Welch Freeway","1348","28791","Vivamouth","5291882","1",
"8930","Sout","076 Kub Mall","Prosacco Throughway","65264","32060-8205","Kaleighfurt","7086","1",
"8944","Sout","089 Una Fork Apt. 388","Harris Streets","1151","19037","Gradyburgh","7145904","3",
"8971","West","7010 Dudley Island Suite 098","Mylene Manor","3988","36679","Mayertland","213080523","2",
"8977","Port","7064 Blick Knolls","Liliana Shore","08712","02250","Stephonville","94","1",
"8999","Lake","78180 Nestor Run","Fred Shores","552","20228","Lake Maureen","532132813","2",
"9088","West","28275 Kris Fall","Jeff Ways","4392","77725-6467","Hettingerchester","982","1",
"9089","Port","24687 Mraz Port","Bode Field","163","39560","Lake Mosheport","6616671","3",
"9124","Lake","355 America Prairie Apt. 146","Ramiro Parkways","3607","01912","South Ninaland","37864543","1",
"9129","Port","68273 Tyrese Drive Suite 247","Von Tunnel","0216","77163","East Jovan","69752","1",
"9145","Sout","68012 Conn Hills","Helmer Circle","953","86354-3628","Port Ferne","64","3",
"9154","Port","999 Will Forge Suite 993","Hirthe Estate","373","88173-0432","West Cloyd","","1",
"9177","West","69757 Earlene Alley Suite 174","Diana Ford","98735","45559-5228","Walshland","944776956","3",
"9197","New","5223 Barney Rapid","Becker Meadows","086","55464-3368","New Laurettabury","","2",
"9198","Nort","122 Frami Mission","Jocelyn Terrace","02268","03030","West Joanne","71","2",
"9283","Port","6785 Nona Groves","Simeon Port","277","53243-3725","East Aylaville","1178","3",
"9291","Nort","69881 Donavon Cove","Farrell Avenue","7072","98419-0613","West Cory","40563","3",
"9313","West","44453 Hannah Orchard","Shields Well","25324","09991","Lake Abigaleport","989274594","1",
"9370","East","049 Stanton Drive Suite 476","Sydney Estate","29409","84561-7851","New Gerhard","1","2",
"9377","West","3618 Bradtke Parks","Metz Plaza","73743","31476","South Morgan","","3",
"9386","East","07597 Franecki Ridges","Nichole Green","19098","44822-7860","Tromphaven","2","3",
"9411","Lake","0519 Stan Rapid","Kub Freeway","74206","31828","Port Dayne","2","3",
"9417","East","740 Myriam Cove Suite 053","Pat Crossroad","2893","80314-3709","West Fred","80393","1",
"9451","Lake","405 Gerson Trafficway Apt. 079","Tillman Villages","3197","03877","Mortonburgh","171","1",
"9480","West","9307 Quigley Manors","Oleta Lights","271","43815","West Letabury","","2",
"9520","East","147 Cassin Curve Apt. 582","Schroeder Row","7582","39123-7843","New Claudine","99","2",
"9584","East","570 Rubye Shoals Suite 665","Macejkovic Forge","76463","27445","Vandervortport","61249090","3",
"9600","Port","6856 Rau Wells","Block Drives","4905","08909","Darbyfort","35755765","2",
"9604","Port","218 Lance Passage","Mason Village","585","95494","South Melyna","","3",
"9649","New","390 Alvina Underpass Apt. 374","Rubie Curve","19867","63713-0635","Damionchester","91464166","2",
"9692","Lake","0149 Elouise Rapids","Fritz Isle","710","13605","New Colby","3047060","1",
"9714","West","40085 Bosco Ranch","Stark Hollow","7617","05179-1994","Wileyview","41","3",
"9717","Sout","07557 Percy Locks","Beatty Cove","8058","52291-4087","North Sierramouth","545","3",
"9741","New","802 Kathryne Oval","Hardy Radial","00591","17648","West Lillaland","6","3",
"9747","New","99147 Makenzie Mews Apt. 490","Kreiger Shores","46549","00424-1650","Kshlerinfort","389","1",
"9769","West","03307 Phyllis Island","Queen Forges","616","54730","Cathrinefurt","28388","2",
"9774","West","6169 Khalil Station","Kacie Spurs","96097","34045","South Maxview","","2",
"9785","West","0777 Madonna Turnpike","Cathryn Village","8077","18389","New Emmieton","","1",
"9832","Nort","4047 Jenkins Court Apt. 899","Griffin Meadow","25704","03861","North Pablo","527","1",
"9834","Nort","20836 Marilie Brooks Suite 753","Keeling Field","239","88932-1629","Port Gerald","638275","1",
"9875","Sout","2369 Tremblay Alley","Gregg Flat","3641","67121-4951","South Shemarfurt","7868571","3",
"9893","Nort","5074 Eddie Haven Apt. 644","Leannon Springs","137","38674-4571","Lake Braulioville","83231017","2",
"9953","New","815 Ritchie Valley","Tristian Camp","29189","73450","North Nathanialport","779996308","1",
"9954","East","090 Corwin Green Suite 203","Toy Row","78740","91362-8740","East Melbafurt","6362724","2",
